{"_id":{"$oid":"57ebbdedf814b103c81e0b3d"},"salt":"f005fa42732d8835b7133603a687ebcec325beab055c82fd556a0ba41a30e98a","hash":"55c7594b4f62cdf9fd42f77336f0079964f5e57b1b17c2a08c0e132f50d6bc1420274e7059d408809bf64c379ffefe333da7de3a3a7a9a96cc839b73e1164c7c766bba6605f6e53688916d167ee2bb613e9e20984145715e77e88810ca3aac190314fa1197a11a4848f8705a4a4e9b88e2019068e885367002601aeabbc07c32891d8196da68e665953d5358fd9f6800c506ff7273866d5df26890eadc14382004892967ea7818c7137d6daa543c1bbceca479fb69db21524e357eabcf5d9508b227f46a33f77fec890a93e65575496bb5bcc134b7d1920dd870323a10c1823412f8990346d04e28f6036dab401641b838e2b5f1821f7c55d40d07af7d25efebc05d2214081d91693ddccb10adf53d2d1e1752ac46e991578041a69bb8d5d70ef87defceeee0ce998bc7226dd7ac1b2a9058d4e8bb1099b709a7045587289a62204da09f5048f02cefdf36f27175827a5580c5e5ef2fb5ee586a60f2acecf4fc954066cb10c7fac3dfd65a34d0d016c367534471b9d169fb1f22059790558964a83881ba4628bfc6765abc84d270e3594f44a002e1b11b5e221ff523f5c1575cce9a59ba2e41e9ed4e7aed78d18df05d93e926ca81f101860d3b1f03caa907bdb6fe2849c5d94b3144b7fbf827228a2fc8c153e9c324436aa8e3d28f94a219dee8ac0192fa0dec7c99e322e842269df3d0e45788ce405e000f1fe5f33c6bf2d6","username":"nickturner57@gmail.com","firstName":"Nick","lastName":"Turner","age":"25-35","gender":"male","info":"Here's my info. It rocks.","country":"United Kingdom","city":"London","lastLogin":1.475067373524e+12,"comMethod":["face to face","email","whatsapp","skype"],"photos":["/uploads/1fb7f43df2eecafb01138230c6cd87351475067373516.jpeg","/uploads/3398bcddd39be966e8300a8b9f252b181475067373518.jpeg"],"learningLanguages":["French","Italian","German"],"spokenLanguages":["English","Spanish","Portuguese"],"__v":0}
{"_id":{"$oid":"57ebc7a5f814b103c81e0b3e"},"salt":"790ef34f1920e2b4d0c3b93ebe6aaec84c1e7a00ef854e5d99d90ed4fc5ff78e","hash":"98ace5dfae54927d12f8a065cc5205ac669d2c653b9eb4bfc21215568ed9c0d6884168d3140d4d26cd56c7865f782d72419b1fe1de8b952d08b4f11f02de38978959da97df2399e472710d1d216b69c48efe2603e57e132518b8a1b9b15a19e1758bcdc61ac2ef6611f16f648e9490ae1b0f8ee0b28bd60a13665eedfd3f2a4a396fde97845c74ec76d09671f0e07cacc06dcc05639b635180d575fe4c492cb0e5aca6f9fc6c79ffcb805c32dc3ebfd8c6122a6874849b6907f5f2e304804d75a67ea6c51de5f293c9ed3ee9d0b40bfd5c9c6981f6bd561d3f42106859b7313d0afcea4d40cc7da93f63d9caaad3106318b1f9d867fa1228f5975a9d7a6bfbedfb6c035e6821a3d40abbbcff6226f79bea11f561e2004116b72f37b89853c18109fd3f16f68c44e89bcce0bca1994e110321d76e7c58d6214f2aa48c0432ae352b4096656fbb950b26179ffbd9671f0746f40171ef77b6846732e5734d5423fa4d00a25a5ad7d6677c7038107f50d59863d95dc30723a0fe6d6077b37fb713b9d77abfac5814ca5c0c988fcfd80a5d2d5e5f0ae7b9b400f01dabcd4a2f25be20f6cf06a0bb3130971f8e814bb8873c97a10b8a1f9bf30756ae6b3570391d384af48f2d85051ac5e025197bff9447e572930f1fc5890b797cc198143c434f0b19f866425c2c3de53328a8c6902fca89bef9673b7b8a3d937e0b1c0a1024f61277","username":"jane@gmail.com","firstName":"Jane","lastName":"Smith","age":"18-25","gender":"female","info":"At vero eos et accusamus et iusto odio dignissimos ducimus qui blanditiis praesentium voluptatum deleniti atque corrupti quos dolores et quas molestias excepturi sint occaecati cupiditate non provident, similique sunt in culpa qui officia deserunt mollitia animi, id est laborum et dolorum fuga.\r\n","country":"United Kingdom","city":"London","lastLogin":1.475069861593e+12,"comMethod":["face to face","email"],"photos":["/uploads/6c5063b5ead97deb61e63dd7182a5d1d1475069861592.jpeg"],"learningLanguages":["Italian","Portuguese","German"],"spokenLanguages":["English","Spanish"],"__v":0}
{"_id":{"$oid":"57ebc7fdf814b103c81e0b3f"},"salt":"6d455ed3ad84d6346ea7f438e5fed97f4fa0fb5bc7cff99016120a37b269dd03","hash":"6c102748707bdd269f51ab58c783c20f0b64190c0f886a4cc8c316c42b2540d56ea9dd67d84f115212acc4b1475ef3ea5bdf742a2de9d15899a4338d8022d651b5c941a5c65d85b90f64bb36c59d8f49d80d92d761d2686de3de22b60212aff965db37296973e566ff3f403df82597296d676a2af4efab595c8cfb8f74cc6e757d15fe4f144c8aefd3f496ea5f7bc31721e551ba9ddb1c65adb16ed9f72b892e7d8b4423587d9e998fb2b88962fbdfc497c748ea9702a10a10ccb0447ef54fd13937657bba14d774c499ce78c64b79ebbc28b1795f063b7d5efbfc36b26cb919025583f87e6492a5d067b902113b25fd21f7e97172f5ddd62474f5b240f2625d2a50c9469395c2d610bacb07ba19d79a2adc6f527df078fb2e5ccafe258fbf4ac9e6008619e5cf2ca35d68b6acbbf94e9c784a509380f5457be3d69c5ce7dc26857c5fe097cb540cc9b884d2e6837dc15be0635eda3fa647bb0c7f21253b3d088bbcdb8d166a2702a9eead164559dc4a1c209dbee81d09f229aded5c4e969e5c7f9ef3a5dd951228b2c6609ac83e78672a15d0c333d36358414a178fad354d5820ec7d7f17c41d9985a2945f7f640c39173fc437404ffe43cf9f16ad0174d4445f5188711a0e61b0144460a3a1416517aa37f1ddce68d8e4d2379692ada965235570a1178f7642c83adb80164883769474b901aebd413a51753025e448855d27","username":"emilie@gmail.com","firstName":"Emilie","lastName":"Jones","age":"35-45","gender":"female","info":"At vero eos et accusamus et iusto odio dignissimos ducimus qui blanditiis praesentium voluptatum deleniti atque corrupti quos dolores et quas molestias excepturi sint occaecati cupiditate non provident, similique sunt in culpa qui officia deserunt mollitia animi, id est laborum et dolorum fuga.\r\n","country":"United States","city":"New York","lastLogin":1.475069949363e+12,"comMethod":["whatsapp","skype","face to face"],"photos":["/uploads/bef35f0a6055ab31a86cad64f3dfdaed1475069949362.jpeg","/uploads/e055456d34f45de71a15d2707c28943c1475069949362.jpeg"],"learningLanguages":["Portuguese","German"],"spokenLanguages":["Spanish","Italian"],"__v":0}
{"_id":{"$oid":"57ebc851f814b103c81e0b40"},"salt":"7293053f93f0c21a681fc13e84b96c84eece1db61e7f8efd8509b3a4bf6d3684","hash":"46fe46e2847036642e59a30e3a6477887aa300d5f8e0121d09b773a26e93c98d11c0d3384d558aa939367a6da7425eacd59de71953ee644d143386737907790bc2e87219c533f4f8448587a51163a1491ecf2994b73a815259d76688ddbd0f67755a819d784dcae890b46175b2fe4032923396e6cbcb81767e2f16d2c2b29ae6a54493640e8badeba975db7fb50658bdba4074b6aedb9b24752691c8e8eddb983db5df71c10689d6b30b54025de6373de642951ed693a2cbe85ba27c14bb9b8c1247953245a1a126a926b368d435b79efb39a6916f7b47db5dcf5345db618263f50035fbf8d34d890f78fd975845032f3cae841baa28e2360f4d14e98e282f062fafd994ddecbc38c02c4b403f86e4f4f102491b92a3fbe76083eff0efb95793f55d41181fae4d075b43e175206d9d3c1e890d5c4012f60e53d4aac1e9a0bc1f0ef863f4406a7f34c93ee9194f61af043855ebb5ec8c9b41f9b4f9784d22e1aacfe015dffe56a6c5edf8f45346d632d6a40b69d59d9c9a30da7271187deb80526ad4c0208f9f53750ca247e15a8d17e5a122d47ad6198612a1741a9c971780dcee1e5ad4a43361d58b8c6754664caae0be94886dca199108ce2c8a8fc786f7263019886fad6858b0f64d52dfb2f14c89c562eb6903666d7de21fde693439d47c250625c5d1de07129420d548c2a7318c1f4389d60593e5b5c928cefa69ea287e","username":"julie@gmail.com","firstName":"Julie","lastName":"Wood","age":"18-25","gender":"female","info":"At vero eos et accusamus et iusto odio dignissimos ducimus qui blanditiis praesentium voluptatum deleniti atque corrupti quos dolores et quas molestias excepturi sint occaecati cupiditate non provident, similique sunt in culpa qui officia deserunt mollitia animi, id est laborum et dolorum fuga.\r\n","country":"Italy","city":"Rome","lastLogin":1.475070033789e+12,"comMethod":["email","whatsapp"],"photos":["/uploads/f8100fa82ea49f9551f5c5a311dae3dc1475070033788.jpeg","/uploads/dc42fbb7f18bca91f7d3f10541ac86be1475070033788.jpeg"],"learningLanguages":["German","Polish","Japanese"],"spokenLanguages":["Italian","Portuguese"],"__v":0}
{"_id":{"$oid":"57ebc8a2f814b103c81e0b41"},"salt":"388f410439d272d91181c76e8f8a716c4607545b06fc181738fb520a5accc1d8","hash":"d92b9c18f7aa066b3e5853b00b55724e412e002bc9637e168cb93c164a8d1aaac52a1cbfc64909e9a35875500a708db6441eb06e2f5e21845782a726e2f0eb993d2b550cfb30be77102f5dbc7ca4d9f3aec25bf3ea6ab769d8b60df264430d7957ad7d6ff0013ed5c29ee2880e905079a7838ee32cf44a486f5ad74cf5d8ca0601950f28c45a7ded590d88e61f8bcb3cbe41c0ffa4b10f1f2bb5360e87e3f80455752f307c0dfe14911b5eab48a7be13a29045f74bb5146185fba0e9d18b8e25f9b549be66425eb6fef5c4eead7a257e21c1ad6dcb258438d3cbc7313126bd4f8c4d164dc15e051bf47e5fbceae1cb2a542dd465362c531faa210842a7abae0bd9924e8fd765e01bbece2f2daaa7de226e64cf271684ae0998c8b0afe5e15b3afb08ababf56ba8ab9fba081800f1620a2435cf681b260139abd2a30bb65dd1eaaade3d75730fa2d012c96c233d25dbcc9188b8d4964ea97750f9dc2eabc0099f33a3b84ac0a0d208793f31ccb763ce7b29b05814e013c7c1797b60536b535344b0b52e943647e79187cb3e248624f8328cfcb365a6e898ce7944d780110f7dab0ac3dd0c094278b759262bf749b9812b17a1a6850934a6a4623c219be7a5f7a0959dfc96c1fc29c503a8b4b882d79aa38ad5b1369d841204c6fff4d43b8e6975f5ce1c5694b479d601818b2dcf9dc0cb7bbfe9c7314f9a53a47f2d7c667ea57b","username":"sammy@gmail.com","firstName":"Sammy","lastName":"Johnson","age":"35-45","gender":"female","info":"At vero eos et accusamus et iusto odio dignissimos ducimus qui blanditiis praesentium voluptatum deleniti atque corrupti quos dolores et quas molestias excepturi sint occaecati cupiditate non provident, similique sunt in culpa qui officia deserunt mollitia animi, id est laborum et dolorum fuga.\r\n","country":"Germany","city":"Berlin","lastLogin":1.475070114444e+12,"comMethod":["face to face","skype"],"photos":["/uploads/dc7193699f4f4e9ef248e9a23c2158371475070114444.jpeg","/uploads/56e9425a7eda91b4b8636550b4b100411475070114444.jpeg"],"learningLanguages":["Japanese","French"],"spokenLanguages":["Portuguese","German","Polish"],"__v":0}
{"_id":{"$oid":"57ebc900f814b103c81e0b42"},"salt":"34fe05a94dedd8ec6dac03b14dcbb54b9fac7b36466995794e732200c808a072","hash":"fdabf68ecbbed74dbdc03ed7c3daea8eeb43e2faa5bad6dc3294eb33fdfbb455141d9803bf5f78e4cd5ff3767d3960be0fd20d8bbbc4ea507f1dbed147b8d75bb0e7c2fc32f9fdfbb26df98c80ea67bbc4ba3de57da995d09a3527985dd05155ed193c841a8028f54c12cda19c00b036362f55d23469870e3e5ee2208ab1dbf72d8f7c4086aa6e7598d271a900274b11dc263ea506ec68cacffb5b61db959b712dee2bc0fc947f9e27cdbc075315af953339cc12504334fe68d9f0ccbf54e830272948397ee4be4e0b0cc6fa43a5473fa0a8f9fc6c0601b8105fa307d6b6b4fdd21a866256ace8116223e182a9fa99f0584690eb3bf9dfb4b7cfe860ac179743c5d620930dce1a2809d1d1c95243764cfb809c18b5db0aa6fb61e5bbe69c1984b62b8e07fec05b378998adf37e73f527db969c123e5a77b502bf84aebb7c16f5ff264fa3a1bfbe697dfb4e865238a7cf519abe18b6e577b88f2498486f751ee6d15cc478dd250bfab55ffba063f259e4ed22a023ef7c63d25851f1d22840386b5fecb340d1e2db1544c7117e37de7d4ceb0538a9f185285169a122408b5a042b961c17ac9831bebde18f03357da259d964fd3a9a2dad49f53848f55e79076cafff60be5ea822af08498302b341d431f8621d5a8a87001fd02be73fb3c11bf814419b59986a264772401d9d3e9e63113b3ef29267944d7efeea5fa05db33e089d","username":"lucy@gmail.com","firstName":"Lucy","lastName":"Parkinson","age":"35-45","gender":"female","info":"At vero eos et accusamus et iusto odio dignissimos ducimus qui blanditiis praesentium voluptatum deleniti atque corrupti quos dolores et quas molestias excepturi sint occaecati cupiditate non provident, similique sunt in culpa qui officia deserunt mollitia animi, id est laborum et dolorum fuga.\r\n","country":"China","city":"Beijing","lastLogin":1.475070208209e+12,"comMethod":["face to face","email","whatsapp","skype"],"photos":["/uploads/84c6ab89b8c23a8c8ddcf31bfe8654ae1475070208209.jpeg"],"learningLanguages":["French","Russian","Chinese (Mandarin)","Chinese (other)"],"spokenLanguages":["Polish","Japanese","Afrikaans"],"__v":0}
{"_id":{"$oid":"57ebc94df814b103c81e0b43"},"salt":"a39654d399ab44549f7e35d4bef3da13cab823494d40f1398fe25b152eb08a85","hash":"27a6f5c91c1661ebef045b69e374ed1e10d9951d1dd0b7f1051f259ca2ee3f97fa98e843b7703d2762dd75140dede2daff9baba586e95b190495a91a1c7a02a022fc4fd45032b359660500f2b0b6e152e13204e715b97754fd4beef8de675abacd00e888e2618cc6b866ffbac0f8832011464c185e1dd0b9d4e56ad03b65c3e0b15d49a32759e166732b483f09b24fe1e6ce865fc6668e1d343b9bbccc7c39e7a280bf1bd032bbf835fb57b7be1da8cf847980907d015eca6bde30248dd5c9cc32511e9ce40ae2beffecfbc8969b9ef7d832164b1d70e38a8891ec4a7981498b085fb26ec61484c8d4771d75e6b212316f2abdad74e6994fb7db78ce8d48e059109362690cd14e43b403de6cdc97d1542fb5561abc17ba08d284d3063cba9f04d292f5c5ad0804be47ebfdedc7866541235394d3058d750546bf913ad192ac429e9762ad3b4e38d3b16293c6d5ce7d456f164ddc2f77b2da61fcbda987f06487e474860b0c8bcff2be24b00c36ca2a1696177fa75259f37bacfc11ce1b04ee198546e25b5691e240221bdd8c122d264c7c9d15304065fcddf76297c1753954ee398991e2504f2ddf748542f19f062f0a238a17af4e9653124528e5c4695a4772affa064b1b81ea7e97a7ecaff14b468dd0bc93eebab1192aba4a80aeae19ba38ab99c890373da491db559cd6219520d1dd76f3de6ebb16caba3df819e6f48794","username":"sara@gmail.com","firstName":"Sara","lastName":"Williams","age":"\u003c18","gender":"female","info":"At vero eos et accusamus et iusto odio dignissimos ducimus qui blanditiis praesentium voluptatum deleniti atque corrupti quos dolores et quas molestias excepturi sint occaecati cupiditate non provident, similique sunt in culpa qui officia deserunt mollitia animi, id est laborum et dolorum fuga.\r\n","country":"Russian Federation","city":"Moscow","lastLogin":1.475070285404e+12,"comMethod":["email","whatsapp","skype"],"photos":["/uploads/a051150d8be1b73a083232556095581e1475070285403.jpeg"],"learningLanguages":["English","Spanish","Italian"],"spokenLanguages":["Russian","Chinese (Mandarin)"],"__v":0}
{"_id":{"$oid":"57ebc995f814b103c81e0b44"},"salt":"d32cc4d78554d3ddfe59c098f1c7626360682158d9a0dff463fe8afd646fb1f4","hash":"fc757a3ba5a793c6d3b64b6a07cd2f000489455928aa0e15a27be91145fbce451a13c0ff81e47dccd9daf10c48a9830bd7176d7bc4f63aea33d916c936cd30d68bb7990eeb73faed547927eb0c0cb005002f043242490f31cc515237edec937e0947987c1a48fc211142ad5293566b974a6a0326c2248a02ec06bbb65128aa003e89dcd9aa9c5aa8f0604667c50f2c6534143cb75da68195ebd696861e190e35e432c10c78dc193b7fb37fb3bd0536318a7bce816911747bde1515d24bcef032a683ad1a3b29b63695e5d379ecca9b4dfd7981c788f3ba04973918384f06a6cb7d7032a074723f1c17ede8295f9290dcfd6476d8c1174b8051da91ed99ffbd3cc297b3813ae5a6acac0cb5fe542b930e498478a3b976c765c9c333084880881fec8ca53d37e9a6cdcbeda4c32127a95b2554edb4b43d177b0c7f1a508415bd4821886c6c7531cbfe2b733f92d8385d439d82b6eeeae5f449aa85e55464e0fbfc67a18d9b6965a44e1f688ffdb5b188395d3e5998e51e42beda5fbb8b716e77b7b08a5e437e53dda23e17f3081701371f46cb3a21d37c0d5d9c9c3c8ac4344c2b3a55f656234e0466fa8c486d0fc4eb2820332d1e967f809740fa97d6094e5643b3e19422f710c7db4c365b25c8ea44c25ee34e260397005e4883db28bca6f32d45645738e890b71afa424d1eee625836529b66ffe3fb4f0fac95c2280869075f","username":"beatrix@gmail.com","firstName":"Beatrix","lastName":"Potter","age":"45-55","gender":"female","info":"At vero eos et accusamus et iusto odio dignissimos ducimus qui blanditiis praesentium voluptatum deleniti atque corrupti quos dolores et quas molestias excepturi sint occaecati cupiditate non provident, similique sunt in culpa qui officia deserunt mollitia animi, id est laborum et dolorum fuga.\r\n","country":"Portugal","city":"Lisboa","lastLogin":1.475070357016e+12,"comMethod":["face to face","email","whatsapp","skype"],"photos":["/uploads/859fe3b3c7e56a55bd02b9932a2e23051475070357014.jpeg","/uploads/f892b1bc18555c021ab509374727a8321475070357015.jpeg","/uploads/51655085b86a9a48bb5843b8cc8eae0c1475070357015.jpeg"],"learningLanguages":["Polish","French","Italian","Spanish"],"spokenLanguages":["English","Portuguese","Japanese"],"__v":0}
{"_id":{"$oid":"57ebc9e1f814b103c81e0b45"},"salt":"19abca29c7c9da865ce1755332dfaebf4d44af31e6259223482baeb062f41adc","hash":"75dc110c64370c25eae3be7f41106548e9534d331fbc216e3ca12dc29a719d79292c3db22cca85e25405c4e703b29ed10651b37a7329c3b9e4f973256ed1902fe08034d63919ba30005db4e1159b1864062e57d175cb1b98c389dc21115b5c89676c492b0efcf82042627755f58c995105d648f02f4c1bacedd94fba70b578b2767b842f3f2a78b6fd9a930856510e4cdb02837d507ee16fa26b60fe8f002aa25da78a8de11f597e85823ca9a592da7195756a9ac149587559eac9ea58dcb284c19f979ec97b7601cb52a4ac0d5e95b99d7cc2ebe48c3235ab912bcdfd5874901149d2e8991677a7408ec71c5c129b421ae16c434a5df35d49553250dc59eb20cc554bc60a0a44435c604de39ea9812357919f7a5f37602049117a962bcc964741d2f9dfe239e7c44361700cd095b23bcfa345a5673933de06e6c9aea88bfebfa5ca08246ebb7df05e6a8ecb4530a22f20016527ed371675a3b1fa74cb5ea592c417909b9cf8a8f1a9e9f598926469ae189f44ac764808d6a51209b07ee8606faaafff3c9b90a4e9c47be2c089bd58194bb3eab9e02b5b1f48cb1d0d72534eb0e1b0083eeee8f28922ebb87f1a0de194927dd3e8163c6a702845a5f1e547c66ce388e2a56ea9aa00f377f2ed947c9a9230da9df00ec1a700986cafd9ea0ccfe730659559593f9ca72572ca8d466211a32535b45441a6b37aeda623e8ca6ad3e2","username":"olivia@gmail.com","firstName":"Olivia","lastName":"Peterson","age":"\u003c18","gender":"female","info":"At vero eos et accusamus et iusto odio dignissimos ducimus qui blanditiis praesentium voluptatum deleniti atque corrupti quos dolores et quas molestias excepturi sint occaecati cupiditate non provident, similique sunt in culpa qui officia deserunt mollitia animi, id est laborum et dolorum fuga.\r\n","country":"Poland","city":"Warsaw","lastLogin":1.475070433026e+12,"comMethod":["face to face","email","whatsapp"],"photos":["/uploads/c9d81d4051dac9ca54e155f9a27bc84d1475070433023.jpeg","/uploads/c8044e9bf03b1f27fea431af149d20941475070433024.jpeg","/uploads/0c4ba34b16da60ac05b98e3a431690831475070433024.jpeg","/uploads/4165252b527ad80d1879266ee5a57fc61475070433024.jpeg"],"learningLanguages":["Spanish","Portuguese","Polish"],"spokenLanguages":["English","Italian","German"],"__v":0}
{"_id":{"$oid":"57ebca16f814b103c81e0b46"},"salt":"a705ae41f2220d967a638e8d36b677c3c33316b7fc83d10e2a5c62c67b41bb59","hash":"fb799b3e5bc893cef7dc5f1c02b31e8dd540429c1dbfa5766be28b496ed4192fce4eaa8149343f1a1d085e9a695484446e74d09159f7a4a5d7abdb29555083516191a626fa978cb7daff371f902d87eec04da5ca674c8778fafcdfc8fd4e5e6132caa64666e17f2af68ef26b5e28c4c0ba641dc2be54959952f74998e7df0eac0ac88b92a03bc84f7db6a7976c1baba5d49957fb1e6be118ea46648553d2b3ee5d20a77b2ade1d3e01fc8b84cd94c4a0305d7f52cfad7870b162b78deeea3d35e1e1f3ad1ee1b946719d72daf44fa04efe63ef5d2ef10cf7464abc81da2f7385526b7780ce38c8bd27d2067c69cb4a7ed682a0871178631820ccf63786a6a28a43ff7abdd90c70688494f8c80464b7a5dbc06c072df0c2638f189b2827593d760a64e6209c4710dd097973c52733c307ca979661ea1cb4e41c64d47d716b3f58548f92aa92050661bc6b06c805ade75634e1a047a3fedc97b299b4303aa9ae6740a0186fa8597c2a49fb08d39e8177d1e79f4a54d9094c4bfac8bd6bbbc542735f1b93dec66d5a92b770b49d1a311977ed9298c9ab66bae8d06857dcc56966e27e920c709a8d39133cde341aea7f8f43a3b6271acccbc64fef73935b13c8f6d8e684f097ea537d8c1b1d099f657f7a1ed0d96cee7ba5d5671c80b303128b4035fa761f5e2d696c383182778273e3c69a0470d5e4db3990be096c470fe5c5e8c8","username":"hannah@gmail.com","firstName":"Hannah","lastName":"Westerly","age":"25-35","gender":"female","info":"","country":"","city":"","lastLogin":1.475070486282e+12,"comMethod":[""],"photos":[],"learningLanguages":["Chinese (Mandarin)","Italian","Portuguese"],"spokenLanguages":["English","German","Russian"],"__v":0}
{"_id":{"$oid":"57ebca75f814b103c81e0b47"},"salt":"6247aca8f926771f7e00a86f64d22bbb329cc2ba5d1e0b6a9cc0f3ecff405d4b","hash":"86485253f691c27e3b4ddbb6e0d05a4dd11cb1a1f06deabb97853a50c6e982b0f0449eb0764ce3c1fdd036f601d8440afda270cca8bc3ddbed25bc2c717f160e595c817e1a1d8de8a46466c16fdbf934803bf873a0b7c1aae5c24926883042b7faa7a804fee423fb154c16a8408a2cdfbd9ed2407b47cdfa2a37817075358ce733f09aa59c96328322e196228d79c7178479af141548f9c275bc0c5e6996817eae414ad8ab0d47a00261ffdbb8b2b00961f4c1e962f278f45f0f5062d12c8801e2e4814a69cc22ad31a04908860e2d229af7c8e2fc744c628a94f206bcfd7f4b57b518173f67d180abfa1a71c9a5333b27e369b259308c511624777978f75b199d0075485c7b5d916cad2bb82b7c0c33fee929a3395eb79e82bbc511bf2a1b1d621b77ca426d1b41eefc9a4b9f25ee4ff3134b7ae57c970de3c806ae7f2bff44a5c03084e0e2697f85956c13b97162dfb35ccf3d5442846c8767b9c43a3d90ee6a2522d38558043132247cf30fd3afcdfff1ba4c20dae1be29831600db0daae7ce4ac02e044b9f30e633d38c974e2d5e20ccbfb170d9db5fff537c5d987092933fc69e904a2253c7028ba9ef3fad2914f64f2b0877513a497c7ea95be1dd67aa42b9a85dbbf2aef7ae2fb37dd8fbf25b252bc2bb7387df09f664e41ef4b273a4f648ef356e5415d9e13570034b66405ae94c787024e6ea6a8634623b8d7b5af1","username":"erica@gmail.com","firstName":"Erica","lastName":"Grovsner","age":"55+","gender":"female","info":"At vero eos et accusamus et iusto odio dignissimos ducimus qui blanditiis praesentium voluptatum deleniti atque corrupti quos dolores et quas molestias excepturi sint occaecati cupiditate non provident, similique sunt in culpa qui officia deserunt mollitia animi, id est laborum et dolorum fuga.\r\n","country":"China","city":"Beijing","lastLogin":1.475070581587e+12,"comMethod":["face to face","email","whatsapp","skype"],"photos":["/uploads/52d20e18af3aa37be02e2851372dc2b81475070581586.jpeg","/uploads/9ec2d038b94259c4b93bccfdf5be4bf01475070581587.jpeg"],"learningLanguages":["English","Spanish","Italian"],"spokenLanguages":["Chinese (Mandarin)","Russian","Japanese","Japanese sign language"],"__v":0}
{"_id":{"$oid":"57ebcabef814b103c81e0b48"},"salt":"320ae8db644643d7dc09e09405e6eb6831a36d333b129ad0e08e4f3164c419cf","hash":"238b470cd24a1dcee519a47c59b8c3ae73d0d8c4ad178dc2da4d1f944ff14692769e0c0d87f953e93181516567eefc077064e47700b598105f1e78d0cae94c9b280c4c2ba7408612ad715030bfb19bbc8a3e613cd94baaf17d1bdd732743a7596e753e9eee41213fa0c275bbc32a87b868aaf426730d0fc8435c80c2e9a33c52e20136e5f7b03cb8f3d237dbc9e87d2c594b4821a65169bc4d7dadfc3071545617f9a4949a401fdf87c166032781f5e43b363319b23e11041ec5c95201474d84870060fab33e6309d1149881222b90800bb46d84035b5049fd02ca38492c33e400a53bd4d49c92b5a3f91cf619cdd898cf0ca062d03ab7c2dd905fae0c2303b9c6c0510760f872d30663a13b2c7fcc060dce18522064801e546e1daf093694ef72a0417873445f3475fbfc065112c4aa3a29426bd934bfa133c422172ed620d0621d9f7b29646333316253c68aabd87ca4ef076c5115644135dda6496051ccc8c1f0010ca15e2c755c75a4e372cd961505707ff4867a4a2e886b0631250e53d70095d66d5150efe3e613f2bdf02912ce92ce4eb0aac96896be05e5b87c5a96e91461af0b8cff635f00a906aa86b56276990bc4368d6aa741b5450cdac3d9677ee6e68283d0115dd695d09b3c11e6afc94c39bb8941e9c483653c352e01a64e888ce0fed08cf73060dfa31a8cb4d5b441ea981fda200ece652157c197ab2d39b2","username":"tony@gmail.com","firstName":"Tony","lastName":"Stark","age":"25-35","gender":"male","info":"At vero eos et accusamus et iusto odio dignissimos ducimus qui blanditiis praesentium voluptatum deleniti atque corrupti quos dolores et quas molestias excepturi sint occaecati cupiditate non provident, similique sunt in culpa qui officia deserunt mollitia animi, id est laborum et dolorum fuga.\r\n","country":"United States","city":"Washington DC","lastLogin":1.475070654976e+12,"comMethod":["face to face","email","skype"],"photos":["/uploads/cdb71ad8b00a2828cba4ba60e36234841475070654975.jpeg","/uploads/3abab8e174228aacc4b6d8fa4b1d2c111475070654975.jpeg","/uploads/85fdfc89315479b339d4492d0e19a3fe1475070654976.jpeg","/uploads/f20a5832b2498018a75985b1c8cf558c1475070654976.jpeg"],"learningLanguages":["Spanish","Italian","French","Chichewa (Nyanja)","Chinese (Cantonese)"],"spokenLanguages":["German","English","Japanese","Portuguese"],"__v":0}
{"_id":{"$oid":"57ebcb0af814b103c81e0b49"},"salt":"243f43c88364f5750e7826aee96c5dde06cfb7c102441d859638e0ec6a815e6f","hash":"c60134095c50d2a168e6e9883764a1becdc67132a817bf8e0eaaf9afbbe5782909b5630036425f72398f7ead2bcbd805eeaaa3cb646e0bf2d83262da288228ff27c3a247d6cd7f11c8d78535306e5475feda73df257d8670881205b5151caed47409f0d5604d084a48e274ca7c4a8e6b7be192b0f75155221e01527cfe2ab46ce3ab38c02cd031e4ae97dd428e97f036a8fa7bb569f90bec80090f6f2e5b2a8490577426b5fd07fef84096c81872ad567c1d3db057771e38ba407a5bb43cda06bc014cd7a4304ce6c9de9cde316757963f0e7f3b9a12c8f42105b0a1d0a002f5b67911115a6cab06fcb1ec069f1350c16fb00bbff4b97782541309c5a98882f71cb90783a03f584b8519798c5852fbb54bd9ae5611ff418b0eba8c5f10646b45e23a248e02db921b20089b6c1f3354ab607f2741e4f63d631d8a42868732a808558cda9daa2aa2c693e239661309127c236069a11ec32f07747a0439ec895efb44f175e60fcf4536cb0abe0d926142df7f753e0c67f6ff173ccebb72cfeaae2bd304503ce6ea169d7be552c4722872230a0d6f2153d0dca6ea443704b89d18d54bbdb741cf28d4682b85e212f077aefd5be0f66529ef7253b4f9d4193852d1cb4cb2adfb9040ad05d367ddee529ed509b9b2f9d96ab505e71794da29a4d7296a19941d24100c7049c4e392d3077f9bbe53ac6980cd2ab3d4e5c5d78e41fbec1f","username":"harry@gmail.com","firstName":"Harry","lastName":"Enfield","age":"45-55","gender":"male","info":"At vero eos et accusamus et iusto odio dignissimos ducimus qui blanditiis praesentium voluptatum deleniti atque corrupti quos dolores et quas molestias excepturi sint occaecati cupiditate non provident, similique sunt in culpa qui officia deserunt mollitia animi, id est laborum et dolorum fuga.\r\n","country":"Japan","city":"Tokyo","lastLogin":1.475070730862e+12,"comMethod":["email","whatsapp"],"photos":["/uploads/e1fc9b42204ad251a5dc26909ed5f29a1475070730862.jpeg","/uploads/2f0ff113146e24e945a6e6ecf185fc7a1475070730862.jpeg"],"learningLanguages":["English","Spanish","French"],"spokenLanguages":["Italian","Portuguese","Polish","Japanese","Japanese sign language"],"__v":0}
{"_id":{"$oid":"57ebcb4cf814b103c81e0b4a"},"salt":"d125bfa29c2db8800a10bd0b962e4f0841ee5ef241ed1923e2e41b22466005c7","hash":"bab86991edcf17d2c6b630290a1dd9c901cc88e343378d14c598fb1a6378b2f8b8077cdfdf8db54545f12f9d954b6b6aafd2cf5998a06669e848bf70726fdb6c78978415b35e7c4234bd17ee81af1fdf0e3381dcbcb08e3ac22ed276f949dfe92a7d7fd1ce13ed38a8aa4e1ae76705b6a1a7dd51d864a0701e879aead29d1b149695ca3332f819fb2739edef1ecd1b4bfbe3d275e076406059d9dfe6e99aaf1f575cafd5924eba46d3800207bdf946ae81e2f6ce684c47676633f2ebbb98332ab37c9338b1d3b4aa9695aac8d89c99ce9016917bed4efe6a64177bc7a8d3d88d057f9a7a346860f4190aa76fc38aed122a69860ce8ba9262f055fce3abdb8188f0790767f866a56f1fa565e8ed2e3e4e90456272d1a212da04ae3c61be06576b8d980d702c4f7d0e5e51dee0f2c7d886f10d1e8f32ade5dbf2ec5bd5cdcb8f4ff139b3c4392852d4fa0e2d354dc05aa904808b0a6054ed59489ebb77c28b1ca49a0ef27e46d31e59175729eb133a2d1d4ca6f8930ae857f3feeba2d9cc68e46050b9542d4207cfc98073897d3bf1126baef83bf5011867d3cd647f11805d86aa332483035163536186828c05d48a0a8444944fea349f5a53350853b57913a2df57c6107b86dcbaf3061a67f0c8c127f39a9d5e31e1e6769befd4c2789727da1c65816e8463ebf7ffaef5a30a33d0e06c14cd4a8d973f565dbbab721d97247aea","username":"terry@gmail.com","firstName":"Terry","lastName":"McCloud","age":"\u003c18","gender":"male","info":"At vero eos et accusamus et iusto odio dignissimos ducimus qui blanditiis praesentium voluptatum deleniti atque corrupti quos dolores et quas molestias excepturi sint occaecati cupiditate non provident, similique sunt in culpa qui officia deserunt mollitia animi, id est laborum et dolorum fuga.\r\n","country":"Spain","city":"Madrid","lastLogin":1.475070796388e+12,"comMethod":["face to face","email","whatsapp","skype"],"photos":["/uploads/36181f70a0208eca709ddf9ed95380091475070796387.jpeg","/uploads/d36554c4ee9edb913e2f7185727b8aa01475070796387.jpeg","/uploads/28b4b86b79f2e9d1e59b46d09f182f8f1475070796387.jpeg","/uploads/9cc8d880ec00e280dda94363bbd34be01475070796387.jpeg"],"learningLanguages":["English","Spanish","Italian"],"spokenLanguages":["French","Japanese","Polish","Portuguese"],"__v":0}
{"_id":{"$oid":"57ebcb9cf814b103c81e0b4b"},"salt":"7f006e1f4d7922d364e5f4c5ef9bc94835997dbbded91ebd42760f435282ea21","hash":"8fe8a0b551472972cdab5740654a596a1e3826aca8a7fcbd5e278e9e38405c157ad6b0f57e135f2f3acbe9aa0218d549863ab65310d70a6f3e2a44f0bdcf3512aeea075221f32af16b18cfa92eec2d34aaf2ab7781eb62156e13741b79c8461d17f16d67ddf7a7e90fd4eeb0834c08a90875aa9383ba70a154f3909cb936a0d743ba722035d861eacebdf7618fda7a6aaaddb6239e5584ac44639c124bcf37733ae0ed6a586a9c2da61d052c812aba74e20141566c904c1f54a88761b050a421ffd3c38f69727fe7390a9f31e82d0f79504d0b6c17b46e5be7b87c45e01bb2626aa931630716701ff9f07b57ac92817913ce7f347f127f6d91080a18ce110ae2826efb862dcfd9e0f3f2a0b4bd8433954c092ff49568f5ccd7719178e5498be7e1e17873ca99e1b19afed521f48e757d809e4093b2a534fe0b817bdaa7ac8f8be4216f5ab3e42fa87443bc4baec43b81f3ec47ab068a2268d074247cacb0639da9e54858d34d92e9dcb383015b3b69111a18fdeddefc9639fb5555cd84d493dd4835339c53532fc9341f63907748a227a380440123b9632e670a418fc877aaa55c538bbc0e8bd32b5b219af99b227f61f5ccdd43806bb6dec745154beb3549cf53ffabc6a380692343c93a5b291f54b03f3f245fe48da5ac03acdc9e012fa085c75491d8a85f62ac2571767a5e70cef8340aafd164ded81b6ee9cf714f7494b3","username":"eric@gmail.com","firstName":"Eric","lastName":"Falken","age":"35-45","gender":"male","info":"At vero eos et accusamus et iusto odio dignissimos ducimus qui blanditiis praesentium voluptatum deleniti atque corrupti quos dolores et quas molestias excepturi sint occaecati cupiditate non provident, similique sunt in culpa qui officia deserunt mollitia animi, id est laborum et dolorum fuga.\r\n","country":"Italy","city":"Rome","lastLogin":1.47507087686e+12,"comMethod":["email","whatsapp","skype","face to face"],"photos":["/uploads/19c114ebefad6a5af09777b28e45bc231475070876859.jpeg","/uploads/05f0b65977e70d0aeea31e5f5337067d1475070876860.jpeg"],"learningLanguages":["Spanish","German","Polish","Russian"],"spokenLanguages":["English","Japanese","French","Chinese (Mandarin)","Italian"],"__v":0}
{"_id":{"$oid":"57ebcbedf814b103c81e0b4c"},"salt":"c70ab448ab1790563a53bc48eacea477cd1824831efb78b0323b25499f520880","hash":"c4a634be4314b22d7b4f1c68c00dc585cca67875586615af6d200c7cdff6e0cad07e4f12109b05b83a916bf5cb9c814584a5f77455465247fce0e40536bd033fc9969a02136380dbe052a97b1a8bef6333429ce93873ac9fbc8d89fd11091f5b7347a56eba6bd2a03640044f371c9d1ba69c1a43aceaba733b1a57e6bb84625fd91fdb26fbce2c6720204140108d993a213f555fcf6edfd7929a184cf4605615da49d1b921d018850f7614c22f3a21bc6ab8f7536783d507543591dab8de57c6cc371261c7ebef026cc20fbaf47ca7825f4ca86a6d0841b436512c0d7e3fc242506900b3e510bba07b14e9681bf4567794c2aba3c49de51d85ff64ba09ab8312bb5d3ab85cb4baf7e942ea41dccb1e25f69b0f2218222aa9bc31d082ae5c9f2e69b07704165c29a96deec570d692c833ebde7fdb3b84df98b212f568d9df86a7b24cb3685a0927323ed9ab6bfab97f7f04703e9cb1df288cb1e6b5246705f4d69bc161aff7c117563c2271e611f89fbee43460b897e67671475b183de5cc018d0131991f4dcbbbef43f635fde6e286e508c6ac94c9371575bd15cb3728ac638e871b278b6055f40c5396182e55c4b586a945c0c6347545547e2e5de02687a2ca8363eae463ae9ba853af83673a3c69d548e67f5d045769cedfaa8046284fb4c46169f5ec3f798e859d697e15f1224e38cd8942cd6ace0405d51ee30890119df2","username":"david@gmail.com","firstName":"David","lastName":"Letterman","age":"\u003c18","gender":"male","info":"At vero eos et accusamus et iusto odio dignissimos ducimus qui blanditiis praesentium voluptatum deleniti atque corrupti quos dolores et quas molestias excepturi sint occaecati cupiditate non provident, similique sunt in culpa qui officia deserunt mollitia animi, id est laborum et dolorum fuga.\r\n","country":"Japan","city":"Tokyo","lastLogin":1.475070957042e+12,"comMethod":["face to face","email","whatsapp"],"photos":["/uploads/85936824f82b03b91a9285305f6b21401475070957039.jpeg","/uploads/dd1fcd4cd0a0f1db7968c75c9a499f5a1475070957040.jpeg","/uploads/09589ee7d4bf2775d9981e4a365092521475070957040.jpeg"],"learningLanguages":["Spanish","French","Japanese","Japanese sign language"],"spokenLanguages":["English","Italian","Polish","Portuguese"],"__v":0}
{"_id":{"$oid":"57ebcc3af814b103c81e0b4d"},"salt":"94206e027b56c9afdcf59e6f1fc39042854bec6ea80b6ba6b9beef13f701ef5a","hash":"b71e779dabd9261a29cac31fe2bf4611547b61be04cbebcf874cb929c19d77d2e18a4656aeff025ebc450f4bf01db204c1d800b2cb36845241aac4b20e49b88c0aabe28e38e4c74da2f3931406445060a1202639bea2a82d1d621ed644c0381df3690ad6058b6421925aa987e8ae79fa9615f1bf32200f4ffbd49f7f8d8fda7a4fd34731b7357a7a4e9ff27bc7ca14e1b96821150ce74f4e0f209fbce4c024469be8575ea0019ece3bde81b36dc0bd97006a46e5c823511081de5301dd6d9bc07e32217ff05014e7b5a7f557f0d2ecdcd689dbca84b7ce079f6ab2e677956251523556fb5fc1b018b17cd47f12031cf1f0c4a732b6990966a118db14e5ffd0f8c18799e38e67f26cdaf6fdeb8a2867222cc630070d85e8dd82fb61a9a2c651b3c194cdabb34b8c8245667c75c05909e2bb8ff0ae3d5d19952e37de366f45c585fa75361b630117707d2f4e5d21f0216a63c45a820c0d0a9523e1d4e1077dca42e2658867fab1913ada1854bf2800c42aa64b44803f1cf8ef49050fd7976bff45339730d980f39e621a01c9d2f68e94a1d52c7ddc87bf1455e22a774b8ad2a61a9fcaf4bec89bce6f2e89c8bfb9c5cf9cade34866c36b44161aec2bf0d5dab26ac3e5093039b16862d8a3513785da81c26b377e49c3a18cb71a28f552ff46a60b9e33088639246c44cce916f30b22d1a06b1727fc46c4a9929ccbea54fd0cfa06","username":"jason@gmail.com","firstName":"Jason","lastName":"Bourne","age":"25-35","gender":"male","info":"At vero eos et accusamus et iusto odio dignissimos ducimus qui blanditiis praesentium voluptatum deleniti atque corrupti quos dolores et quas molestias excepturi sint occaecati cupiditate non provident, similique sunt in culpa qui officia deserunt mollitia animi, id est laborum et dolorum fuga.\r\n","country":"United States","city":"Florida","lastLogin":1.475071034949e+12,"comMethod":["face to face","email","whatsapp","skype"],"photos":["/uploads/c81b2eca93b4ad1d588d7ecbd28a3d3a1475071034948.jpeg","/uploads/0ba1f3ba1034475f54e588b922446bb91475071034948.jpeg","/uploads/03392c37ef6298093f3f8d89430406211475071034948.jpeg","/uploads/59d7fdf7a4edfec53f79f62d5a4998761475071034948.jpeg","/uploads/38e332e0f03a09311ea47df08adc8c1e1475071034948.jpeg"],"learningLanguages":["Polish","Japanese","French","Russian","Chinese (Mandarin)","Chinese (other)"],"spokenLanguages":["English","Spanish","Italian","Portuguese","German"],"__v":0}
{"_id":{"$oid":"57ebcc59f814b103c81e0b4e"},"salt":"2a5d3126174f9b69adfeba95f52fcd789cf079cd515bcf765a20fa87ce2ca485","hash":"f58a5eb466231a622028fdf42d67d1009bb39206e3a1ee8e5e5e1c2ac5a31ed322e4e19ce00306c17d8a69ac60d231800b8ca0ed058fcb4f41dc901b1fac5ef492067e64c8b6782dc2d7f18f8fc59c2d21fb86f50b9e28ef278d50289f5d3f4ea860f6d8203363d8f9bf4ca5cdb0a1ba84f8ddedd55be5df1093649f09d7c9b6e7a098602f507b18b997b57e0bcd2d5cb3c24189322a60c582a464bacc8e04057d614bade198767448cc34cd7f32c7993600f317a30c8d300b5650d57be4c0c788859d6125bd8163844c7f63c3d65f81ab3bf6fc54ef1aad48b378bb6f586823ad017ecc88b087cc8507f1b53fdc2e0aa1217bab6054ef0d0eadd59813c083a19ed0d1afd1b129f5acddbdb4ff8ad950adf35a4e8bdb09fa9d1b73bb9f45da488c88bcc85ce2ed7bfeb11e525e0e04358a0b4f622f0b72ab7399128be83f3fe5802f129c1c8f23397f7c599a7a902cb447205aa598b8d7e3637126fad63968ebd8f5e09f34d4d8159fb4e93fffc4cd18f069c2565bb3ac57042f2cbd835babd7a8010f56c2f0ad098323519e9fabcc0ee386fefebdbe8e7a573f41cf81f0003149f402a7cce921f9f40b1340ba818bb3a56d75028cd60c985241029b626152d6d35b917d58b2a488693d13551dab2495a8bad30eb4399d210e20490dad46940fbd10ef31578ccb48b3a2641ecbfa3c1af2b0e5b09854e031aadbbc579d603d42","username":"cormac@gmail.com","firstName":"Cormac","lastName":"McCarthy","age":"45-55","gender":"male","info":"","country":"","city":"","lastLogin":1.475071065452e+12,"comMethod":[""],"photos":[],"learningLanguages":[""],"spokenLanguages":["German","Polish"],"__v":0}
{"_id":{"$oid":"57ebcca8f814b103c81e0b4f"},"salt":"e289b4ec8a45634b0e8b8c6a30a77bc78ea45b42444d25525cdfd589dab9e7a8","hash":"672b2cd8c4f0b7df753bdba7b1be286c2f6492c995ffbb7f2ddd8a64d7a55d218f71a84a3eaf57831d766afaca2cdbe32a503fbca80ec1f54fab54627fbc8c80c3445235f4043b946ef96de41d952aa457d0978ba930c2e48f7d1b1f8af2de7dffa6975bfd75cd4d683c814f5fb70f108ea99059b18784806e142ea34abc8d1b55178e44be770b3b96b957a9e1d2b4d7c4a80295e3781898d075a0425a9a60d9955663b400013442513f1d4cc6638ac7dacae6a45a37d5310634f3e2830cab2f57c2d82563e0e0e23ad2ead7080d48be852358f8507399619ee57e778240204df7d973a10270c230e00d11969fcbbacf19b4e520a5de7d73fdccbdc6ad26c5db7f65fb508b54a70bb6d4166a53de7490fa6167edc5f3661d91f72b5248644f39275c7a6c145c564225af7d7590b8115e02e11a8b94d5be5dfadbb1451e050e391674df17fe688ec12c908191b62834cfc535add57dc1808ff875fdcb2fd4b5f2aabadb1d50276e1bc9245e9e1336453873b6fcbf16d4ffbe1723749d38944b263752b23520ad51d78a4f7fa200974e1d13090d179b74ba625e907b873153ff5c88f324eb028f9f1d78420ce8af730dd746e42b1879e7ff4e8c2931392eca4edebef381017316483844e45a30e5c26b4f9585af6c44e11a9b6480edcc42850f149e17b05fe54c802881917a07803f12d164a1adc9b6959290cc5ef853222e1ba7","username":"douglas@gmail.com","firstName":"Douglas","lastName":"Adams","age":"35-45","gender":"male","info":"At vero eos et accusamus et iusto odio dignissimos ducimus qui blanditiis praesentium voluptatum deleniti atque corrupti quos dolores et quas molestias excepturi sint occaecati cupiditate non provident, similique sunt in culpa qui officia deserunt mollitia animi, id est laborum et dolorum fuga.\r\n","country":"Portugal","city":"Oporto","lastLogin":1.475071144055e+12,"comMethod":["face to face","email","whatsapp","skype"],"photos":["/uploads/254f61484c6ab9f28572962c96d4afd21475071144055.jpeg"],"learningLanguages":["Italian","Portuguese","Japanese","French"],"spokenLanguages":["English","Spanish","German","Polish"],"__v":0}
{"_id":{"$oid":"57ebcd0af814b103c81e0b50"},"salt":"4c358f4090421e86bcc119054e407d4335a97df7c8c63e9cfc7aa1974ddf1689","hash":"601776281f939ab6da12c9a7ac6395db97d83ca206911e38b51f9b35fb59d3bcc58b0698bac74bd0c381401d881ec2fff32b415b9781bd66a7646a30bae3b963b735aff22f6b96b4cbba7b9fa225c97c25d6694a390d91e9e84c54c3f2716ca2cdbf9cc257b374d5741efa62e9ea36cef0ba2e93568b0cb5d6a7ccfc3fb6eb72aa2d4408eb4cd00e572cb242d1460702c562a106f7053049fd5cb21cd8e64b71601738a691d6d5f243ceea002fedbd9139a9b286ec52bc6ae8ed8c7b0ad33e597c207539c8603ad59b55f398477c6daa7a62a9d23fc6aabe2c934a79d6d7483e6bae06a27be9ab508dabc2979152037a08ac2038303676386c91351123cac3fc88b10a7cdf6e180f7f2a110f104c08f63d1ce63822f9703c7f2b99d0bff1c5c86d762db9dd21c72e1040ed4658b5f7e16e4139529dbbcf74abead02c160505ffce40bc86cb3a3a91abf467aa2415131f58c106796d9a1d3b6f827adad2a2fb11a53cc1627bece34bf63fac10f89dd7798fb39aaa453412288ede93d3d43b960bf22a90172c9727cd04ec7aa009159bcbe6299d4f88d921ec1d896d1fed4489b867c100f67d9470d3082928f79d0c0ceb78bfcbe1db5e1c18944c35f09ab0ce3f4275b3b1424d8645260afeeb4bb85278a5a7022efb4ac04617fb6b1184fb07d9163c59c777ccc25c8b7936c0b2885d9d10a87e7142135033914386b4cf1a93bc","username":"michael@gmail.com","firstName":"Michael","lastName":"Jackson","age":"25-35","gender":"male","info":"At vero eos et accusamus et iusto odio dignissimos ducimus qui blanditiis praesentium voluptatum deleniti atque corrupti quos dolores et quas molestias excepturi sint occaecati cupiditate non provident, similique sunt in culpa qui officia deserunt mollitia animi, id est laborum et dolorum fuga.\r\n","country":"France","city":"Paris","lastLogin":1.475071242314e+12,"comMethod":["face to face","email","whatsapp","skype"],"photos":["/uploads/2710c7991a862d4cdbbba37de5eae3ae1475071242313.jpeg","/uploads/676ca4b4813c21c12bedc0cab10806d41475071242313.jpeg","/uploads/eab7c82540e98645440609a6277fe9541475071242313.jpeg","/uploads/9697f8e9c6f01af2c7e69a9aa34255ba1475071242313.jpeg","/uploads/8dfa6efdb6d98d909d2c97ce1bd3af411475071242314.jpeg"],"learningLanguages":["Russian","Chinese (Mandarin)","English","Spanish","Italian"],"spokenLanguages":["Portuguese","German","Polish","Japanese","French"],"__v":0}
